scenario,anomaly_bin,anomaly_rank,anomaly_score,total_weight,nnz,top_edge_share,top_source_share,top_destination_share,unique_sources,unique_destinations,typical_total_weight_median,typical_nnz_median
volume_burst,17,1,3034.7061246778853,1105640679.0,14810,0.0003279103300793078,0.000952899997269366,0.0011358328468303398,3977,3995,22733619.0,4862.0
scanner_fanout,17,1,649.6242912607266,50349503.0,13924,0.0007787167233805664,0.046940483205961336,0.0012147686939432154,2847,3979,22743208.0,4853.0
destination_attack,17,1,1341.6334457598937,131392881.0,13566,0.0005818351756820067,0.0010840998303401233,0.10758455018578975,4006,2845,22712164.0,4842.0
distributed_low_rate_scan,17,1,344.5382064107208,24380713.0,16806,0.0014568072722073386,0.002798441538604716,0.0022484166070122725,4021,4027,22649462.0,4869.0
